{ "timestamp": 1554933784.023, "currencyPair": "CNYAUD", "rate": 0.39281 }
{ "timestamp": 1554933785.023, "currencyPair": "CNYAUD", "rate": 0.39282 }
{ "timestamp": 1554933786.023, "currencyPair": "CNYAUD", "rate": 0.39283 }
{ "timestamp": 1554933787.023, "currencyPair": "CNYAUD", "rate": 0.39284 }
{ "timestamp": 1554933788.023, "currencyPair": "CNYAUD", "rate": 0.39285 }
{ "timestamp": 1554933789.023, "currencyPair": "CNYAUD", "rate": 0.39286 }
{ "timestamp": 1554933790.023, "currencyPair": "CNYAUD", "rate": 0.39287 }
{ "timestamp": 1554933791.023, "currencyPair": "CNYAUD", "rate": 0.39288 }
{ "timestamp": 1554933792.023, "currencyPair": "CNYAUD", "rate": 0.39289 }
{ "timestamp": 1554933793.023, "currencyPair": "CNYAUD", "rate": 0.39290 }
{ "timestamp": 1554933794.023, "currencyPair": "CNYAUD", "rate": 0.39291 }
{ "timestamp": 1554933795.023, "currencyPair": "CNYAUD", "rate": 0.39292 }
{ "timestamp": 1554933796.023, "currencyPair": "CNYAUD", "rate": 0.39293 }
{ "timestamp": 1554933797.023, "currencyPair": "CNYAUD", "rate": 0.39294 }
{ "timestamp": 1554933798.023, "currencyPair": "CNYAUD", "rate": 0.39295 }
{ "timestamp": 1554933799.023, "currencyPair": "CNYAUD", "rate": 0.39296 }
{ "timestamp": 1554933800.023, "currencyPair": "CNYAUD", "rate": 0.39297 }
{ "timestamp": 1554933801.023, "currencyPair": "CNYAUD", "rate": 0.39298 }
{ "timestamp": 1554933802.023, "currencyPair": "CNYAUD", "rate": 0.39299 }
{ "timestamp": 1554933803.023, "currencyPair": "CNYAUD", "rate": 0.39300 }
{ "timestamp": 1554933804.023, "currencyPair": "CNYAUD", "rate": 0.39301 }
{ "timestamp": 1554933805.023, "currencyPair": "CNYAUD", "rate": 0.39302 }
{ "timestamp": 1554933806.023, "currencyPair": "CNYAUD", "rate": 0.39303 }
{ "timestamp": 1554933807.023, "currencyPair": "CNYAUD", "rate": 0.39304 }
{ "timestamp": 1554933808.023, "currencyPair": "CNYAUD", "rate": 0.39305 }
{ "timestamp": 1554933809.023, "currencyPair": "CNYAUD", "rate": 0.39306 }
{ "timestamp": 1554933810.023, "currencyPair": "CNYAUD", "rate": 0.39307 }
{ "timestamp": 1554933811.023, "currencyPair": "CNYAUD", "rate": 0.39308 }
{ "timestamp": 1554933812.023, "currencyPair": "CNYAUD", "rate": 0.39309 }
{ "timestamp": 1554933813.023, "currencyPair": "CNYAUD", "rate": 0.39310 }